cells,MFI (mode),Geom Mean,RLU/ul,relative MFI,relative RLU/ul
high,30415,18381,50877.35,1,1
medium,2868,1723,39923.31,0.094295578,0.784697183
low,620,652,8123.15,0.020384679,0.159661329
very low,598,407,1830.92,0.019661351,0.035986971
vero E6,577,371,,0.018970903,