cells,MFI (mode),RLU/ul,relative MFI,relative RLU/ul
high,60904,50877.35,1,1
medium,6344,39923.31,0.10416393,0.784697183
low,2255,8123.15,0.037025483,0.159661329
very low,1119,1830.92,0.018373177,0.035986971